PC1,PC2,Pass/Fail,Time
-1.6866738633085219,2.908536149395772,-1,1216468500
-2.231601836816893,0.818730062986819,-1,1216470720
0.44412522449209213,1.283326373086966,1,1216473420
1.1731847584906185,5.293513569283526,-1,1216478580
0.7808161947499768,2.407335352097756,-1,1216480920
2.108004105800363,2.894310363743679,-1,1216489980
-1.7427286272391702,4.505567031914308,-1,1216496640
1.3172401043693092,1.9300089446357347,-1,1216496700
-0.4824583705050513,19.19918840812154,-1,1216499040
1.3217363821942947,3.889426359673251,-1,1216503300
-2.138314122527758,22.817625346454946,1,1216504620
0.7923307109544244,3.6356201242954933,1,1216507920
0.5228400347535634,1.4614730200086827,-1,1216524900
-2.611083501653168,2.721050753008461,-1,1216628460
-3.2517001143933264,32.296942510560775,1,1216641180
-3.074146587218428,27.066772933780214,-1,1216684980
-0.9520675516451218,0.760469168711758,-1,1216695540
-1.288010779736629,3.8255676438845496,-1,1216716060
-0.7908741844813026,0.15431216084851984,-1,1216727220
0.9776636373603205,2.5802279670890504,-1,1216735200
0.11070916732275282,-0.7274943059892732,-1,1216740600
-0.3220742439114729,0.8109919578588797,-1,1216790100
-0.6173221038130405,0.3108301974289388,-1,1216840920
-2.275216881972804,25.1070883462658,1,1216999380
-3.3169094991903774,24.246530224560175,-1,1217132280
-3.6300439898576635,24.077374099294065,-1,1217151420
-1.8228671061786828,1.6399742101208055,-1,1217157000
-0.6341570346758938,2.914194144204917,-1,1217173560
-0.6708383975013549,3.5639087840689867,-1,1217174760
-0.9139381339616693,1.9551679014309096,-1,1217177340
0.45185349305959654,0.45769448138356245,-1,1217190240
-0.8849313675776822,3.822512401772967,-1,1217197680
-1.51646725464805,2.005631121603106,-1,1217197680
-4.101303835144443,23.567797016750863,-1,1217200440
-0.38326569044530906,3.745513724128663,-1,1217215860
-1.9705237108356533,1.0447331589968578,-1,1217216880
-1.877865343929481,30.047907360581547,-1,1217219820
-0.41255511909217113,2.2700442077644882,-1,1217223360
0.5794553047511102,3.9039304622618145,1,1217227500
-0.04124774781115452,0.687190542546702,-1,1217234160
-0.5084585725792957,4.553541297996769,1,1217257860
-1.4590878147895086,-0.29510673857833036,-1,1217289420
-2.257934301766178,2.4750323342899856,-1,1217304480
0.9320163231558861,1.6104801752182398,-1,1217308560
-1.1832872799750573,21.13514722416259,-1,1217312340
0.946429287007998,0.6435054232983327,1,1217319780
-1.756121789080394,25.465973704000476,-1,1217332020
-0.7749146719687877,20.454576142993336,-1,1217346060
0.4246014807538302,2.151240933748516,1,1217346540
-0.642339666338787,0.09182754347874332,1,1217351100
0.18408274425260698,0.11964983969114408,1,1217354880
-3.2597758633596685,26.08780159349191,-1,1217365620
0.6542940269537919,2.2100872912833,-1,1217373240
-2.1552639264189652,-0.060911371985467144,-1,1217373540
-1.6042300107444916,22.455085322568323,-1,1217399400
-0.2776519762905968,3.24900671510566,-1,1217401680
-1.952989145380387,1.381944498239772,-1,1217419320
-0.9345581733454583,31.939107103754505,1,1217420940
-1.8305034440084398,20.590395391167682,1,1217452560
-1.7279405563385464,0.5982624043794746,-1,1217512620
-0.5232475034199828,0.673099064211659,-1,1217518560
-0.8134851009428214,23.58270023206785,-1,1217524020
-2.68202348317914,1.1566314466283887,1,1217535480
-1.5592963188930198,3.117349230137741,-1,1199757720
-2.584562730652369,3.1468593974462626,1,1199771520
-1.4330726691180096,1.0127057790587908,-1,1199787600
-2.1822551612796484,2.0241605565752256,-1,1199787960
-0.817200531150643,2.8759532647158044,-1,1199791680
0.9033442767489868,3.0527939617659614,-1,1199795340
-1.0189494595700894,1.829794628177634,-1,1199801220
-1.9063192360119554,2.2077454287741287,-1,1199805000
-0.9150586892984099,0.6078213131813494,-1,1202441940
-3.4163903784308483,25.13868575754145,-1,1204981740
-0.8907101717716849,1.3077599055607632,-1,1204985160
-2.315243552999917,4.275418251935917,-1,1204986300
-2.143593996459752,4.68970377527274,-1,1204988580
-0.4271133750826799,3.558292276677975,-1,1204990020
1.460468897098488,3.9942088823348336,-1,1204992000
-0.10952549040989551,4.192111893926247,-1,1204995600
-1.2633463594022367,1.7727992212352421,-1,1204999080
1.4193508351573108,3.1920013400651794,-1,1205007780
1.2593729050447833,1.0713621393784112,-1,1205016720
-0.23042976889477465,2.614995906604768,1,1207615140
-1.1819160705494716,2.5096227404686986,-1,1207626300
-2.1717701622599637,23.033411167170748,-1,1207626540
-2.4777745243886673,0.801398234391647,-1,1207660740
-1.971787026837538,0.3925277846111601,-1,1207663440
-1.0833875302011302,3.0077603099887673,-1,1207665060
-1.7793582555708012,0.9291219103273023,-1,1207668540
-2.4153783943656317,0.9325661261022539,-1,1207671300
-1.1542713201957313,2.111990501666842,-1,1207672260
-3.6713216537027935,22.46942843461203,-1,1207674660
-0.7194276545339175,1.2768659590879574,-1,1207676760
-3.954448372123351,19.642549934625155,-1,1207679040
-2.0542578428970364,0.776408327851159,-1,1207684680
-2.9930587430348865,1.2675353516307915,-1,1207686720
-0.5170916641460286,24.9421410810305,1,1207688280
-1.250655774189102,2.2214328735820086,-1,1207690980
-1.4819740926350402,1.4810739157490522,-1,1207695060
-0.8357106938102161,30.430799413574455,-1,1207697580
-1.1623584457034544,0.6402933253354467,-1,1210205040
-1.4212486029786413,1.067004339917972,-1,1210209120
-1.9397736533267826,3.735079124905168,-1,1210212900
-1.4657652491864404,1.7769127409912069,-1,1210214160
-0.9662288373882496,4.263796675375831,-1,1210214700
-1.797956559506236,3.1151160855621143,-1,1210216620
-1.3598307575234063,3.7135504112723203,-1,1210217760
-2.577569749112495,4.779701954434168,-1,1210218840
-1.57879467724127,2.9258125046542687,-1,1210221120
4.659059628700485,4.541156825813972,-1,1210221300
-0.9653324957306002,0.9345578365938265,-1,1210223460
-1.0951818917387284,2.8451507631704054,-1,1210227000
-0.566873794154735,2.802368072925546,-1,1210227060
-1.4651942789282053,4.185023245728537,-1,1210227660
-1.3992866565958193,2.860179531623638,-1,1210230720
1.3170765060662446,3.4784050988369244,1,1210230720
-2.1370953682631497,5.8611766708400435,-1,1210232880
-1.409355138621507,2.6175026958764347,-1,1210236600
-1.894351790449795,2.8734161591393357,-1,1210240080
0.564999577381609,1.8769990730481394,-1,1210256220
-2.9151976282625176,1.9369207347133184,-1,1210257900
-0.4614697214544553,4.1441254099581455,-1,1210261500
-2.115725457931285,1.087467018876961,-1,1210277040
-1.7354425390839403,3.7702907161009156,-1,1210280820
1.0752718796546672,1.8986866068471597,-1,1210281720
-2.198058090766734,2.6871811802797425,-1,1210287720
-1.365287194166563,2.7513681301109743,-1,1210287960
1.556255012011042,1.136310078482306,-1,1210289880
-1.08159612966642,1.6557885058737352,-1,1212883440
-2.061992316191608,3.124471285821216,-1,1212891600
-2.1067715916473944,2.721033946624777,-1,1212895320
-1.081655600246953,2.7648494507573114,1,1212903600
-0.4503635818429614,3.5968973155539703,-1,1212918960
-2.423648711427155,3.9624561960668854,-1,1212919020
-1.7154376820830488,1.4153728251702258,-1,1212928380
-1.814572405243975,1.3321946601556791,-1,1212932100
-1.761867106188406,3.1519309337300125,-1,1212946500
-1.5721136605378072,3.3791649901380256,-1,1212948000
-1.2602080761214958,3.053296888817924,-1,1212950040
-1.5746709536753443,3.4284357675736885,-1,1212952380
-0.045742157462688685,1.6066275816614535,-1,1212953040
-1.107229484996637,0.8009087463807943,-1,1212955200
-2.1578352621724526,4.302669408879465,-1,1212956220
-1.9497282370659847,26.163170094300295,-1,1212959700
-1.899769722214905,32.62015514813014,-1,1212964020
-1.4036757008814402,2.002391029298064,-1,1212968400
-1.425054540192802,2.4514692585522804,-1,1212968700
-2.4053166149284473,3.3583652510975504,-1,1215478260
1.1953476045341787,2.9630207842707246,-1,1215502200
-1.9163284146821982,4.086989314420932,-1,1215505260
-1.0944929488527604,0.06338501185949412,-1,1215506700
-0.8891187346156091,0.0019106566372107784,-1,1215507300
-1.3676350568932447,2.6166814491094477,-1,1215511920
-2.5385071485554924,1.6689393958762169,-1,1215515400
-1.4341777925285129,3.3913718803635233,1,1215517200
-0.6796335183974131,1.6660480868464422,-1,1218171300
-1.6919534104571519,2.1825330322414613,-1,1218180360
-1.9956658327266703,2.9963368834794206,1,1218185040
-1.0344772428616826,1.7553349080833356,1,1218199020
-0.29570018812923454,0.1699880529147123,-1,1218226860
-0.7386280890446781,1.3924221348910724,-1,1218230520
0.19183689854580344,1.9546970761203026,-1,1218232380
-0.6952452926512663,1.2783450511382872,-1,1218233160
-2.841494040154329,19.216729332919304,-1,1218234300
-1.6274471971568294,0.2947818437683607,-1,1220840100
-1.3757789258012048,1.2164478988899023,-1,1220841420
-1.1312104842269444,1.0140260066820603,-1,1220853900
-0.7815175281947626,-0.20051595083542334,1,1220865360
0.10637369005255222,0.49385482228468186,-1,1220865720
0.9145894420387144,3.087811195389787,1,1220874120
0.453348370712532,2.652981508582043,-1,1220895240
-1.4737863348168914,1.898549063983288,-1,1220900580
-1.3598660674096976,19.917779071617712,-1,1220904240
-2.2526638433088357,4.738522984862743,-1,1220908020
-0.4244653407417714,2.5127252323312415,-1,1220912100
-0.6695052097542339,2.4953013136814173,-1,1220913420
-2.335699711836532,1.8607701164226529,-1,1220915820
-2.227100682724944,2.1454964368930316,-1,1220916840
-1.9639642569156848,-0.21216461669139217,-1,1223424540
-2.6624734637273804,0.13104204412126538,-1,1223426760
-0.6328426373137618,2.511236110817362,1,1223445600
-2.7503454909224923,-0.39661959851940815,-1,1223448060
2.5975999900848694,1.3172707722043688,1,1223449260
-2.9889134397753336,24.122967311998508,-1,1223464560
-2.612580260389873,-0.5824583705636925,-1,1223466540
-2.5475787001384234,2.7535779210690663,-1,1223468520
-1.759012158020328,29.59521485068876,1,1223481540
-0.08515957798683138,1.9677796184534964,-1,1223492820
0.28802543008105286,1.4933361022259806,1,1223496420
-1.7105894038558906,3.610221460950503,1,1223504760
1.0756791094626503,-0.3678591621174227,-1,1226113560
0.03435511290689739,1.7214231768523287,-1,1226117340
-0.7068870392857647,0.39501542495425745,-1,1226121300
0.5422456616427442,0.26237685316381204,-1,1226144100
-1.2970258576585203,1.8497923398371126,-1,1226147880
-4.441831314666795,23.11451511257418,-1,1228710180
-2.843790850902847,22.95829517226209,-1,1228716960
-0.7848901965038982,1.013177204396246,-1,1228733640
-2.1838693712224635,0.8007762407130318,-1,1228735740
-1.10126824892477,2.1094651242062694,-1,1228737840
1.7036577486803863,0.13132760555648812,-1,1218595680
-1.869210727731432,1.3781988239778928,-1,1218770760
-0.01822424726953504,3.0433678923860548,-1,1218773640
-0.5093666414050572,-1.1765311399259863,-1,1218777180
-1.9907047650089684,1.1397449881411597,-1,1218793080
-1.6252151678119564,-1.6343126359375793,-1,1218795240
-0.43057679781170044,1.3782030980336513,-1,1218800520
0.13227593777888363,-0.7221375779057848,-1,1218824340
-1.4430882240088527,0.3262554150639015,-1,1218827940
1.8475138299107394,0.5956079123131248,-1,1218830400
-0.0816268103165558,0.1985785148197841,-1,1218830580
-1.4880375520740212,0.8640127759586839,-1,1218843060
-1.1162510377301578,-0.5429807914966401,-1,1218853260
-1.21993148610023,-1.1684948189276554,-1,1218865620
-0.6356550013502715,-0.4786362523632322,-1,1218869520
-1.054750862263861,2.1281262566704995,-1,1218871980
-0.2361991572514258,0.2104641095690056,-1,1218875940
-1.592762313126324,2.402303177251251,-1,1218876060
-0.21821575412398472,1.719609240180489,1,1218879840
-1.4110989468592634,0.5697885311968652,-1,1218894660
-1.8101562203090407,0.648507386555268,-1,1218897000
-1.428502510609883,-0.7745162494431446,-1,1218899760
0.6327454440611211,1.6597378836673784,1,1218899940
-0.01797681400887504,1.5139214299771042,-1,1218930480
-1.1745991051551947,1.4415624034460714,-1,1218934320
-1.1782284442764996,0.37156958693952763,-1,1218937980
-1.337398993600877,1.6337081531660491,-1,1218943020
-0.12482014174318953,2.8996066924394213,-1,1218943080
0.030759978606863293,1.1480805874386022,-1,1218944760
1.0333543135235366,1.329872873996385,-1,1218946740
0.17562936433999152,0.4692298168333985,-1,1218950460
-0.5086854943289947,0.9933553949905943,1,1218975360
0.9969329815258762,1.8939543539766353,-1,1218980040
0.3721537090379317,0.9258695463071677,-1,1218982860
-0.6417508297485105,1.1886910405852449,-1,1218986700
-0.02364640485855501,0.8535903920740515,1,1219008360
0.9709945706491374,1.6158274381240754,1,1219010580
0.4890076798554192,0.615309091399377,-1,1219011660
0.573911165589167,2.910382555455482,1,1219014240
-0.9105794068535621,-1.2505761677863223,-1,1219015200
-0.8172609966824341,1.5569530855363856,1,1219017300
1.0932101471787767,1.5959698351353142,1,1219017720
-1.1241937156249875,1.7599933204543763,-1,1219018800
-0.42225504730283026,1.2774470430932212,1,1219022580
-0.8162454474937821,3.320821107568831,1,1219032060
0.28891782711228103,0.06452983093680487,-1,1219032720
-0.4439636530141986,2.018454020146001,-1,1219034100
-1.614007690260269,0.083038080079154,-1,1219035780
-1.2348644347197764,3.8556391759587942,-1,1219037100
0.8718058278410944,1.9624635858346637,-1,1219039620
-0.6257167237177553,0.9261345002472712,-1,1219039860
-0.40718746327884786,2.1314032618679377,-1,1219040760
-1.242852833338999,1.0027732703582768,-1,1219043460
-1.3412482393554979,-0.5072657387043009,-1,1219044180
0.38288138513273995,0.13187411207629576,-1,1219044540
1.732984307979744,1.4126623351055072,-1,1219047480
-0.6211180758806207,1.6581880778567029,-1,1219048260
-1.2184005028006508,0.4375271480632479,-1,1219054380
0.018851910310049295,-0.8324656080142603,-1,1219057440
-0.8714668793286863,-0.28913977291268145,-1,1219060800
-0.6379453202533097,-0.6234235468009911,-1,1219061160
-1.5721562741842106,1.9701248645574618,-1,1219062120
-0.8443313777811773,2.0036982188732826,-1,1219063740
-0.6251389223703876,-0.01796825177041703,-1,1219064820
-1.2037126890046197,1.9159007353622781,-1,1219068060
-0.8355080364744454,0.3407004418218831,-1,1219068240
-0.19105912005554018,-0.43489688334674986,-1,1219070700
-1.1706544534667007,1.6924526111102955,-1,1219071600
-1.4350499562453671,1.236240374669992,-1,1219073160
-1.620147657868887,1.9026293004181691,-1,1219073400
-1.1245885723155198,0.7913400081603129,-1,1219073580
-1.4175225393329505,1.21211443428088,-1,1219074060
0.0558282341967334,-0.027347652808062235,-1,1219076340
-0.4948860113635876,2.9539083882898822,1,1219079580
-0.7440536174827488,0.16268734943918745,-1,1219079760
88.49528559160088,7.549332353945521,-1,1219081020
0.17390541729597855,0.10176458231107897,-1,1219087440
0.3283652956379834,-0.08368011969197041,1,1219089240
-0.8742469202059369,1.3254534958659372,-1,1219100400
-0.0672596105014425,1.9054380830989914,-1,1219100580
-0.09281242784846452,0.3002616278096973,-1,1219103220
-0.7077608324225727,1.940011328946774,-1,1219108200
-1.4017227937092374,1.348793488626058,1,1219118340
-0.7709104973868435,-0.34509415316383174,-1,1219121880
-0.8105307193634801,2.193039922433841,-1,1219122540
-1.5967863620607972,-0.3175702954545069,-1,1219122660
-0.3764628405026039,1.2725170900513547,-1,1219122660
-1.8288951832587264,1.7356759442923,-1,1219124400
-1.079071769861747,0.7103350252744001,-1,1219124460
-0.9062146794649155,0.9049993049285988,-1,1219125180
-0.35029696809539007,2.0146434833282387,-1,1219125240
-0.8940519631229014,2.065285499346647,1,1219125360
-0.8556124926785056,-0.7374463152339552,-1,1219127040
0.10270534820491145,0.27506664075898174,-1,1219131780
-1.0098620872496633,-0.01735982735522431,1,1219132680
-0.6224283007946548,0.1917834713396068,-1,1219132860
-1.5168280461180303,1.1599079738110791,-1,1219133220
-1.4266377648555182,1.797187880119696,-1,1219134780
-1.5387989537407933,-0.33674860564470804,-1,1219136640
-1.0510733739013327,0.5087559039177473,-1,1219136700
-0.6726337789045451,0.8155731609857378,-1,1219142760
-0.51866382970445,2.609938360020823,-1,1219144260
-1.2033313269133692,1.9009113657493477,-1,1219144380
-0.7441870332725802,3.098062022800204,-1,1219144380
-0.26363311679005863,2.274612135819066,-1,1219145280
-0.9388819701527019,2.4508828938412983,-1,1219146240
-1.2870399575938063,0.48521371413873693,-1,1219146360
0.5548011582205844,-0.6262283071028886,-1,1219147020
-1.5013528838510017,0.7016780906045447,-1,1219147080
-0.8758653060701395,0.6125493118773095,-1,1219149000
-1.2734562309743527,3.2832143523184563,-1,1219159980
-1.0797999778156189,1.3793893253441794,-1,1219169520
-1.0171572634144872,1.8872031331179706,-1,1219169520
0.8419658782079469,0.8609490534526123,-1,1219170600
-0.16314661086989315,1.0573024496175656,-1,1219170600
-1.6870198424327625,1.6236426014335454,-1,1219174680
-0.4006918920509686,-0.3282015505723016,-1,1219179180
-1.0946721045340388,-0.9596842059683991,-1,1219190700
0.742419768241318,-0.143177920997423,-1,1219195980
-1.102714851016031,-0.22941343228564406,-1,1219196520
-0.05480890002844394,2.4805548622125864,-1,1219198380
-0.030572247217548986,0.9825891808685574,1,1219199220
-0.1747084043490928,1.6839551484957433,-1,1219201200
-0.6891975332886171,-0.6793881393553359,1,1219201920
-1.1277392910630244,1.6434120457075752,-1,1219214160
0.8617349056599533,1.7719723889486811,-1,1219216320
-0.7663882409224745,1.8948648296589465,1,1219221600
-1.7583187957373065,1.7125672274772543,1,1219223820
-1.5360350189607141,0.3810787130093394,-1,1219227960
-0.7894333880536923,0.4998573563726885,-1,1219248480
-0.8515416763256523,1.930852397644037,-1,1219248960
-0.7667577835465352,-0.6373926634018904,-1,1219252140
-1.9947461446670869,3.0849796000629612,-1,1219253700
-1.767371649930326,0.20996025651319597,-1,1219253760
-0.8707147823344645,1.8700436499844035,-1,1219256940
-0.5936188726379666,1.8711559488999658,-1,1219257300
-0.7589901047118395,2.1745728954071173,1,1219260000
-0.6560653124549563,0.9528307843650486,-1,1219263540
-1.4876636038301998,0.41916420506843605,-1,1219267980
-1.51240199920121,1.602401215560573,-1,1219268460
-1.7305058770503532,0.06195506087870325,-1,1219269480
1.882378852265276,-0.9038440120668026,-1,1219270380
-0.7728147612513908,0.543377719465604,-1,1219272300
-0.9940916825764994,0.2494840683570125,-1,1219274280
-0.22567682063740008,0.8456755787427921,1,1219275780
1.6428938479059032,0.6912850626072911,-1,1219284660
-0.1396918026037881,2.9944608449101104,-1,1219286760
3.376897665640272,2.252434294107648,-1,1219292520
-0.05410549285145937,1.3660172326886693,-1,1219292940
-1.214494266842015,0.9336647826582335,-1,1219295160
-0.1454698093383336,-0.11914051635302697,-1,1219295700
-0.5237166283304608,0.42997491510342506,1,1219299000
-1.4166223330228405,1.3748725335442822,-1,1219317720
-1.3471933529792623,0.4968587522549841,-1,1219320000
-0.5367631288306449,0.9765514517224764,-1,1219321860
0.7550720348269964,-1.1807657949468664,-1,1219321980
-1.128235565700392,0.5727233704294846,-1,1219322580
-1.2307898596104123,-0.24963342544097097,-1,1219323120
-0.6919349438228918,2.100905624922561,-1,1219324260
-1.1190353858384672,0.12269037773229766,-1,1219324740
1.4609179096579845,-0.7353942251665335,-1,1219325340
-1.1558482778381183,-0.07843871989411795,-1,1219326300
-0.8009299794812026,2.5929135526871074,-1,1219330020
-1.1959271727516623,2.0697035024616675,-1,1219331100
0.6017218109293044,-0.18095318435272809,-1,1219331160
-1.0289944961360524,-1.5456816891115406,-1,1219332720
-0.9226212750722886,-0.3978470480560765,-1,1219333680
1.1021859320455658,-0.7093976719795135,-1,1219333800
-1.0214151056674974,1.8958078953577013,1,1219335540
-1.3246199225170385,-0.35913685247714344,-1,1219336560
-0.46067441673514176,0.6779900299899049,-1,1219339500
-0.40236746846162624,2.059653629658739,-1,1219340640
-1.1760249026665006,0.9772040292714547,-1,1219341840
-1.599450247918184,-1.0605237007552701,1,1219341900
0.32241966140413636,0.8494011399624064,-1,1219343940
-1.1349549901890055,3.7766238459299517,-1,1219344780
-1.3893336318068485,1.2127113110038856,-1,1219345920
0.3950173916667317,-0.4839253110663701,-1,1219345920
0.30410465698940564,0.8965855711965158,-1,1219347960
-0.7096030754851831,0.25754972544287114,-1,1219349940
0.09440533941153971,1.1367745663055937,-1,1219350060
-0.7595559478001996,2.7129669008406685,-1,1219351020
-0.8041479392550859,-0.16925683702388467,-1,1219354320
-1.4281064171840372,0.8743218908249007,-1,1219357500
0.2702514263993911,0.21812341987548162,-1,1219358460
0.5690301572694582,3.610885596971713,-1,1219360080
-1.3457562010574455,-0.39509215528107544,-1,1219361220
-1.7277446665312342,2.4228200092311436,-1,1219362780
-0.2874243234198713,0.7035883691605563,-1,1219363020
0.42238947822158257,-0.24781747172249793,-1,1219365780
0.16838277588312178,1.4697674838685708,-1,1219365840
-0.5282021272197313,1.2240885381449937,-1,1219366020
-0.27749047476934,-1.4857593504301618,1,1219367040
-1.331202477455042,1.5599511378349984,-1,1219368360
0.12109990027494495,1.072683517304623,-1,1219368420
0.012712513899531565,0.9086057923822085,-1,1219370040
-1.2070442938803436,0.4795915100808396,-1,1219370460
-0.8079138004730572,-1.309223068517654,-1,1219371900
-0.2426146563951119,0.4150930743249988,-1,1219373520
-1.7959468454796415,0.6955379307601782,-1,1219375080
-1.587459364930113,0.5180033939255818,-1,1219377480
-0.04000822090873359,1.8872467032419848,-1,1219380000
-0.9993218258845689,-0.21793850297873202,-1,1219381020
-0.8424976005804798,-1.2891203191844953,-1,1219382460
-0.867683606362874,0.7536110832688764,-1,1219383060
0.3197181036737595,-0.2753179192802769,-1,1219383120
1.262872521317157,0.037979163505723675,1,1219384800
-0.4969577088892978,0.46684234937469415,-1,1219388640
2.826517874375263,0.866848420687479,-1,1219389420
-0.3815304115836975,-0.2583447705915648,-1,1219390020
-0.3216718168917257,0.6894401967606923,-1,1219397340
-1.51794877017712,-0.8655461190281468,-1,1219397340
-0.4184673571447082,1.1632751390510823,-1,1219399260
-1.4734554935815063,-0.6069189948985184,-1,1219400280
2.3315001155276787,-1.1138302312357946,-1,1219402020
-1.2833368261301477,0.5819608532445356,-1,1219404720
-2.167113354291143,0.9603028719235012,-1,1219407180
-0.2817648962094751,0.8786126616083991,-1,1219408620
-0.5860265068729094,-0.18388076470505837,-1,1219408920
0.8109449081235816,2.4337268169038917,-1,1219411320
-0.11071648903169606,0.3705750266793212,-1,1219416300
0.7996682966486747,0.26106522239143526,-1,1219418700
0.3574308185350504,1.378373233795963,-1,1219419540
1.6579734634243775,0.9532631012256971,-1,1219420440
-1.2468199565639388,-1.3542639748780159,1,1219432440
0.3183336569083782,0.15149148210986652,-1,1219448760
3.510619969108228,1.4807056575791289,-1,1219448820
1.4203611257361113,0.19925802337835752,-1,1219448940
-0.2330082006466327,0.3240943073490367,-1,1219449360
0.679891749350341,1.4375844132109588,-1,1219457040
-0.24726466642436704,1.0970532108335067,-1,1219461960
-1.2622576064339972,0.48925726572923306,-1,1219467000
-0.3004861894884458,0.48347870959250017,-1,1219467120
-0.6819928907172318,2.1195167891619624,-1,1219471020
-0.9217448682725906,0.8156481996055408,-1,1219471020
-0.38244224817543926,-0.7866472407795329,-1,1219471080
-0.9092853002596709,1.6180341533993954,-1,1219471080
0.7820962533566919,1.0866027852202094,-1,1219483440
4.42338898790598,-0.8950762812173573,-1,1219496280
3.5977168593628988,1.7035161273049158,-1,1219496520
-0.9404172197554217,1.3048138158850608,-1,1219504200
0.0673094125104976,1.0570030826714396,1,1219505340
-2.0623686749810073,1.282696320995101,-1,1219545120
3.8548858624724596,1.4073969863251152,-1,1219550400
2.5509156414306147,0.2847459570114763,-1,1219561920
1.5284713297918964,-0.4540862705591883,-1,1219562040
0.12646889149117876,1.420498291482517,-1,1219572540
0.05813780057765193,0.04513769677231769,-1,1219572840
1.4037257592773795,-0.08877113724150136,1,1219582980
-0.8212443327588669,1.217936333566596,-1,1219656540
0.7086322567089507,0.5327212926299845,-1,1219797960
0.42717500504542943,-0.07338324836029601,-1,1219837080
-0.4088755712142268,-0.2869673752533875,-1,1219839720
-0.20904514935777424,-2.169544836240515,-1,1219844100
-1.3766809532936075,0.6748579287835139,-1,1219846680
-0.06452643051039593,-1.4143569353896313,-1,1219857240
-1.2495054346869776,1.9187121045705111,-1,1219877280
107.93299226396188,10.610928006525395,-1,1219877880
-0.6437100236061454,-0.29305086805328706,-1,1219892580
0.36113377099772,-0.15634744367584216,-1,1219892640
-1.734427349996212,1.2941020997480785,-1,1219894140
1.834498421357017,-0.7294410865612067,-1,1219894680
0.9283539698052131,-0.73475582896555,-1,1219895100
-0.8638104310842633,1.2238637425512284,-1,1219896600
0.16103982431516145,0.7023785484855518,-1,1219897200
-0.44413506445095713,-0.07690010890826006,-1,1219899240
40.32674293578697,6.053882781690302,-1,1219899600
0.13507533152409895,0.19796207449058453,-1,1219904100
-0.7863395430701671,-2.431633504508538,-1,1219905540
0.559908059032782,1.0435511314742967,-1,1219906560
1.8180683650258977,-0.40394757660948294,-1,1219909200
-1.1030542552573064,-1.347571771209196,-1,1219909860
0.2775136994633762,1.0099562115296887,-1,1219912860
-0.4387396862928654,0.9590967933781349,-1,1219916760
0.4564726986316112,1.2922042695892355,-1,1219916940
0.3971494298536556,-0.6624170455869104,-1,1219918500
-1.27086798505371,1.2751542536304987,-1,1219919280
0.5916560103784554,1.9106298246833864,-1,1219919520
2.302108588348674,0.23161675734292866,-1,1219922340
0.6558676017264536,1.4873778076454163,-1,1219927440
-0.20779393054293657,1.8947634209083086,-1,1219934880
-0.6018910568483334,3.025560464867473,-1,1219936740
-1.227079727560996,2.135397601849881,-1,1219939260
-0.4344245079822919,-0.8172127584386596,-1,1219941780
0.4602729189834526,2.4741398653638726,-1,1219942320
-0.37899808521856276,1.0829066725882888,-1,1219944060
0.2803299026837182,0.5846134449651093,-1,1219944420
0.273184650782137,0.11690462437057056,-1,1219944720
-0.08868200144000973,-0.9128245506301412,-1,1219946700
0.5086130833378939,-0.17251003691299058,-1,1219947000
1.3316938035427022,1.8864362093693838,-1,1219947300
-1.7057138696833742,-0.6346843076955053,-1,1219947900
1.7407142724651312,0.4348545562099434,-1,1219949220
0.796968230545183,1.058098515063985,-1,1219949820
-0.3433353071716849,-0.8943207157071434,-1,1219954800
0.5771200857061247,-0.8988943728769604,1,1219955940
0.5668404652434802,1.4017059594453551,-1,1219957380
1.6888075636272906,5.2057083783753955,-1,1219960320
-0.1504806909154932,1.840471160511189,-1,1219964220
-0.039712683688763885,-0.11538600794617258,-1,1219966800
0.7342563983795553,-0.15003582468896545,-1,1219966920
0.8892018692504982,0.3759189617241229,-1,1219970940
0.7961973400452486,0.1323990148306858,-1,1219971960
0.34990516662052984,1.0962430608783624,-1,1219977480
0.04421192023359487,1.467769232299057,-1,1219977540
2.1594801218828623,1.2932930176130844,-1,1219980420
-0.46390540162027954,1.3703116069777195,-1,1219980780
-0.12364593174157393,-0.5029575921398016,-1,1219981560
0.4554698726391762,1.5900130289259709,1,1219985700
1.927052830300479,1.812966774228314,-1,1219985760
-0.7054281206754632,1.2376035232400093,-1,1219986960
0.052726606324638256,-1.1204398127189104,-1,1219989240
0.19598581524422778,1.6715621498468272,-1,1219989240
0.2382884097955485,2.784492027039589,-1,1219989420
-0.1992443268841504,-0.8988002671809869,-1,1219989420
0.46827222905267635,-0.22704085684694963,-1,1219991700
0.6867411166833359,1.443422960742137,-1,1219991820
-0.8333791412038838,-0.398157629312857,-1,1219992000
0.8651520842856347,-0.03342595280077041,1,1219992300
-1.259711474083743,1.8888784671548557,-1,1219992840
-1.022997159451186,0.09604107354959913,-1,1219994280
0.3343515757162538,0.3552314780103999,-1,1219994520
1.2506922206127074,-1.5928123632284377,-1,1219994640
1.4097459507636416,-0.30384984508929647,-1,1219995180
0.7078547797441328,0.8842146551096173,-1,1219995180
0.03648194102631933,1.4241853399668138,-1,1219997400
0.5789522188807468,2.561895620550652,-1,1219998000
0.7677910830829551,2.0372013886414213,-1,1219999260
2.022369734598002,1.3135389123796302,-1,1219999500
2.253767685043881,-0.8780500102605386,-1,1220012460
-0.5387427173607356,1.0104029420168523,-1,1220012520
-0.7674709982865591,1.7947786134005197,-1,1220013420
0.4721072042602028,-0.5145399544913468,-1,1220015040
1.4116393775349898,1.5692926981470625,-1,1220015640
0.7982783134222792,-0.14427377275430636,-1,1220016420
0.09379060861700354,1.4599321287147564,-1,1220017740
1.29331688754588,0.14447854447397082,-1,1220019060
1.6855132193278144,2.5063884247234047,-1,1220019480
0.6315505031457066,0.8166124967407771,-1,1220020200
1.1751225802822172,15.724515587565275,-1,1220022060
1.3672948251190502,0.4622967017037183,-1,1220024580
-0.45376251452323957,-0.17365642479263121,-1,1220027160
0.9034957771978266,-0.5343290046469792,-1,1220041260
-1.0779922600391696,0.339440192011662,-1,1220042940
0.21108689875804026,1.9293603400173818,-1,1220045100
-0.575185411596284,2.4323546858432854,-1,1220046360
0.40616731282650614,2.065548403070297,-1,1220046840
0.05786654475187838,1.5991366221529493,-1,1220047860
1.2716097846529633,-0.10382422419799632,-1,1220049900
-0.04036707361202083,-1.2855284383710268,-1,1220050140
-0.2644568160277036,1.3213036332256882,-1,1220050560
-0.88510014821413,-0.08992280534691051,-1,1220054460
1.6223254781039929,1.050859580968966,-1,1220054700
-0.8118494937135591,1.041651234450672,-1,1220057820
-0.7544515563178766,-0.600251824306313,-1,1220059740
0.7465008669122933,1.8274254673171921,-1,1220062080
-0.27408619043882443,-2.2846949124680402,-1,1220062920
1.0246679353334545,-1.1680692561359345,-1,1220063520
1.336032453169491,0.14661007441340626,-1,1220063940
1.5472822424614838,1.2403693294972669,-1,1220064600
2.002358572912837,-2.095891714630451,-1,1220065800
3.248433135675025,-0.30558048896862433,-1,1220070000
-0.5682811834205325,1.4502903268514453,-1,1220070240
0.8515199999779944,0.7319705040661024,-1,1220072100
0.026667705533739802,0.4546807399457378,-1,1220072700
0.1510606331379756,1.336635784801894,-1,1220072700
-0.7439468790557089,0.8822266103266608,-1,1220074680
-0.0492948575919645,-0.387429909618756,-1,1220075460
0.45398123443173116,0.2660068151038073,-1,1220082600
1.2842863869584127,1.7802405029016801,-1,1220082840
-0.8375215633375338,1.8627384580324458,-1,1220083800
0.11918533474603987,2.3390074878632303,-1,1220084940
1.5205402600346256,1.868654311723792,-1,1220085720
0.3723866749814542,-1.4804832575646518,-1,1220086380
-0.9489068013589647,-0.0208888918800207,-1,1220087580
-0.8467953423417502,0.9122426464158963,-1,1220089020
0.5524040569709,-5.395134055590869,1,1220089500
0.840709529953119,0.830257838172392,-1,1220091300
1.2328983662297759,-0.17857095822169466,-1,1220091360
1.1951759192165388,0.5810237785018347,-1,1220094720
-0.31900708402075956,2.1348247077178732,-1,1220094840
0.541094190440696,-0.8992729533606422,-1,1220095080
-0.3306816640024516,1.5067592929935818,-1,1220097420
0.9150533139902428,-0.6734138309249239,1,1220105400
-1.8937595750290503,0.990822426979214,-1,1220106180
-0.7000662166236654,0.9272395222510422,-1,1220107020
0.31172898433547486,0.28101823963659944,-1,1220108760
-0.9600123886558777,1.8179367730037304,-1,1220109360
-0.18155831208187947,0.9494115266505647,-1,1220110620
0.2580147547483533,-0.18876961857021224,-1,1220111400
-0.4925382875193479,0.8931319735806102,-1,1220111820
-0.8836182534228186,-0.49311773632069295,-1,1220113440
-0.11081699049615404,-1.298814434653437,-1,1220115900
2.461893217363335,-0.16067722121570424,-1,1220118540
-0.8770480420484824,1.6391321076259915,-1,1220124060
-1.0438223637742297,-0.2767814989183836,-1,1220124420
-1.2809896241360352,0.3570361167606285,-1,1220127060
-0.6581015121204532,0.23313985747775143,-1,1220129580
2.1448767304691287,0.6688845002787966,-1,1220133180
0.5849926223493797,1.1309147643182607,-1,1220140260
-1.3281801103073372,-0.1983170482224453,-1,1220151420
-0.46113498389185975,1.6320717734286587,1,1220157960
0.8106196425984417,-0.6340318090908504,-1,1220159100
-0.16189143426823466,0.14224296205555415,-1,1220173860
-0.2541977589945616,1.2874641071912218,-1,1220178960
-0.9564992479839846,2.001753634822605,1,1220180340
-0.7401315967174447,0.45659082236355514,-1,1220180340
1.1052751421517464,0.8429188248788944,-1,1220180580
-0.3053282296040411,1.3854730955987407,-1,1220195340
0.6514656882131639,1.201716713333769,-1,1220195580
-0.4096481920180051,-0.9832406801791307,-1,1220200320
1.5333874993199845,1.9576473106037402,-1,1220214240
-0.47185110247863987,-0.14026056297757222,-1,1220216640
-0.16657683630087441,0.24119921285059262,-1,1220219160
-0.9960746024407328,2.4060885584974847,-1,1220219880
-0.6613327892680535,0.6633087911530409,-1,1220221920
1.1025863548804984,0.10561938865976969,-1,1220222880
-0.4581990405040295,2.6629721658303684,-1,1220223420
1.6231185778705097,2.555046791120536,-1,1199836860
-0.20917663117741833,2.31004012712989,-1,1199839140
-0.6930657196329724,0.3095458038316006,-1,1199839500
-0.582788024691234,1.9758703494708165,-1,1199839980
-1.456097989891288,3.9176337989772487,-1,1199856540
-0.5222523926099988,0.8806891419453472,-1,1199856720
-1.2181176289335625,0.2806876430157047,-1,1199859120
0.7004932962494637,-0.7130065987477879,-1,1199859660
-0.7141113187689392,1.6242713244139426,-1,1199861520
-0.39687708658179865,1.0886511643635106,-1,1199866680
-2.243508123820982,2.231780136381895,-1,1199869560
-1.0481331788453645,1.854901546764999,-1,1199870340
-1.1582498135131722,2.56101589988014,-1,1199872440
-0.7482524647719042,-0.5624097134994781,-1,1199876220
-0.5105224857610803,2.384215518456951,-1,1199878800
0.4445799172561733,2.6726112210045696,-1,1199895600
71.75236018034234,6.599026058457089,1,1199908440
0.14271026130931683,1.6855943761336452,-1,1199911860
0.02245520805618394,2.5095888995454336,-1,1199916300
0.34364893657648987,2.6304398166237344,-1,1199919900
-0.6377209561725099,5.316778944706256,-1,1199920740
-1.8605702865740907,2.465585843847069,-1,1199921040
-0.6661085750329665,1.8317562958863842,-1,1199921280
1.8423352518278084,-0.07870158547817814,-1,1199921940
-0.11784742059740852,2.8271640406970606,-1,1199922300
0.7924137644308564,-1.446616735993145,-1,1199923140
-0.09674377298661163,2.2782063518240996,-1,1202516760
-0.07468867927776916,0.039339976756471794,-1,1202517060
-1.4219719797582593,1.6219874880933758,-1,1202517960
-0.533437357919422,0.3580884526688531,-1,1202519340
1.0814182008162236,1.4849185605288269,-1,1202519400
0.06612688169953161,1.563403480360612,-1,1202519400
0.7880813323830144,0.549242324735243,-1,1202520960
-1.2500752498069891,2.0729611766929517,-1,1202521800
0.12558884246530683,1.3568790146490741,-1,1202522520
-0.3710141047663969,3.4225659802321564,-1,1202523060
-0.04749701959896906,1.9361044221703445,-1,1202525400
0.30067298484931176,-0.7745021542623841,-1,1202525520
0.24152305775030908,2.0062813862050977,-1,1202527980
1.196629299961396,1.1387281369576032,-1,1202528100
-0.011800973059307857,1.2612009662332935,-1,1202528100
-0.5104701007834326,2.1860439607250464,-1,1202530740
0.9761128878081756,1.4084639455381078,-1,1202530920
0.09061096801245089,1.8673912896316736,-1,1202535960
-0.5875848779151687,1.5915473638213062,-1,1202536980
-1.7883822210745677,2.1392357925363785,-1,1202537940
3.0409613968156424,0.49208087718471977,-1,1202538720
-0.20282209657005779,1.2310244370174774,-1,1202539680
-1.6375504273044978,2.77610138820105,-1,1202541720
-0.03515886522021619,6.959383045255132,-1,1202542320
-0.3316862745064327,-0.9601188372015411,-1,1202544900
1.2970647878015171,0.9258016114371254,-1,1202547240
-0.6792932124423614,2.978628933357605,-1,1202549760
-0.18341645925799974,-0.5488380170805295,-1,1202549820
3.4347638993493184,0.6602106412432645,-1,1202551980
-1.003752624886435,0.012379448865615164,-1,1202552460
-0.2369853638074555,0.39488892286454846,-1,1202552700
-0.20986804042090199,3.3270660179971,-1,1202553180
2.032107230580337,0.9359304301783733,-1,1202555280
0.7426686334538383,1.4008826714477343,-1,1202556120
2.291855666728244,-0.9454340487770331,-1,1202557620
-0.43212064960149354,-0.492078656569304,-1,1202557740
0.6365328768928455,1.3177395767852762,-1,1202558460
-0.9537075939576256,1.803868905407551,-1,1202559420
-0.3660911132954462,1.5486284893147166,-1,1202559960
3.7735267997234896,1.946131577463186,-1,1202560200
0.8789615313050121,0.02779885426223471,-1,1202561040
-0.17373964377862677,0.3488257639552124,-1,1202562300
-0.5424442722436986,1.0461609132972205,-1,1202562480
-0.6554608114515023,-1.0577673568698762,-1,1202563620
-0.4217958465254803,0.7154714162104661,-1,1202564400
-0.047043942644079906,2.6517015898103535,-1,1202566140
-0.3068081350460797,1.5256614392102517,-1,1202566860
0.45311340472562756,2.3930038950508083,-1,1202567640
1.079860381349474,-0.3026096725713854,-1,1202570940
-1.1470028997490167,0.6031025047289688,-1,1202573400
2.4615507914340977,-1.0994702459191406,-1,1202575800
0.617414644519932,1.1020580568702214,-1,1202576040
0.5218803132217237,2.381572077348927,-1,1202576280
-1.4176749902740424,2.29882485593977,-1,1202577000
-0.5032223236042057,-0.445115367164882,-1,1202577480
-0.5942238846355674,2.1248308323378513,-1,1202582280
-0.9408708654305729,0.4952184053258417,-1,1202583120
0.8636863643789606,1.3270068765286882,-1,1202584680
0.008986013280584404,-0.1577607350455346,-1,1202588280
1.759576848646077,1.870968942462265,-1,1202590320
-0.23082761087085651,0.2140196514645715,-1,1202590680
2.1036204731902606,1.2196674132282077,-1,1202590740
0.9384930396804326,3.022927726622285,-1,1205021880
0.9095970127635187,1.4620915593377362,-1,1205023500
-1.0698135273980631,0.4590137591023497,-1,1205024280
20.385957068751512,2.281692342490245,1,1205025300
-0.3526606414859096,0.1604740645012033,-1,1205026320
-1.2944021499562774,1.6019704324747348,-1,1205036280
-0.11953606809553956,0.7278463422173004,-1,1205043960
-0.9995423404656072,3.332878300307524,-1,1205055480
-0.6665677488750512,0.1250616402951448,-1,1205072640
-1.109029049099566,0.6331900207224477,-1,1205072940
3.1345475874789064,1.9904248033987828,-1,1205083320
0.32391940888456644,1.0591942399648115,-1,1205086560
-0.7520064852335031,0.7596730883705759,-1,1205086560
-0.2221792584975493,0.5327299521407534,-1,1205092800
2.862471240133169,-0.9017790307591277,-1,1205093400
-0.9705103392916495,0.10033561072638547,-1,1207728060
1.8759827333954968,0.23341287328998547,-1,1207729320
-0.5059531933353814,-0.8590222224144386,-1,1207729980
-1.2581171588110662,0.9968840362609969,-1,1207730460
0.13396944797925078,1.4813453896890605,-1,1207731180
-0.8785433426937698,0.033772490809946924,-1,1207741800
-0.46546589598169735,1.2839258041875117,-1,1207750140
1.3124401443101241,0.29902913797838676,-1,1207750260
0.7887449236816612,0.009008083720140656,-1,1207752480
-1.616902503425715,1.2903913064380705,-1,1207758600
-1.096632686521104,0.6743151924973445,-1,1207759260
0.34191391146074457,-0.5310323756253742,-1,1207760160
-0.788407918976994,0.8104641141144293,-1,1207762200
-1.2530107417939556,0.3325456110213956,-1,1210347000
-0.40420934759477667,0.2518185944980648,-1,1210369680
-1.3748929755348605,-0.7914257032864656,-1,1215562080
-1.5943896843412688,-1.3136432796757784,-1,1215562320
-0.8848867320642925,-2.4987923197699637,-1,1215564540
1.3284638338563346,0.11991864497984106,-1,1215600720
-1.0048545925687709,-1.1553709719498837,-1,1215605040
-2.4896815869272153,-0.026928669252239808,-1,1215606000
1.574303284153839,-2.323515201812769,-1,1215608520
-1.6560865651619125,-0.41936082634133487,-1,1215626520
-1.355522841434778,0.23014595923530523,-1,1215627840
2.1482235523463244,-0.9817669157742173,-1,1215629340
1.9036039135462097,-2.547870833346153,-1,1215631740
-0.7279159949195497,0.14447344847215463,-1,1215631860
-2.1510757293224616,0.5189998635444384,-1,1215634320
-1.2427580140312566,-0.6626666044391724,-1,1215636600
-1.511780727068819,-1.020078008570961,-1,1215646380
-0.5070226524588424,-1.3926178470547306,-1,1218241920
-1.1852783086862144,1.1299116515415821,-1,1218242400
2.136424096768277,-1.2282792868464671,-1,1218245040
-1.885300412873659,-0.2107222550776013,-1,1218252720
-1.887699156740017,-0.7660060065678584,-1,1218253680
-1.0876867759029585,1.0741081067676137,-1,1218255660
-0.6088105483312496,-2.81123206308479,-1,1218263820
1.0306296651936477,0.5454452552002086,-1,1218266040
4.28482374402194,-2.482433895146122,-1,1218267660
1.4816844078494358,-0.9440029127337106,-1,1218307560
1.8120092228013727,-0.936200621923044,-1,1218309240
-0.9864937428753598,-1.2189534687978283,-1,1218309300
0.3765391926472891,-0.6330414310826615,-1,1218309900
-0.9252956612467479,-0.5572771388899207,-1,1218310380
-0.42982463672433585,-0.1414974423306459,-1,1218312000
0.6042262678665218,-0.00667111174750051,-1,1218317760
-1.2383423372443325,-5.545412959816755,-1,1218318780
-2.081173196771755,-0.550740624985148,-1,1218320220
-1.6439537924368224,2.644033130632153,-1,1220919900
1.4598986246371357,-1.7618620398197606,-1,1220932380
-1.3852811389517083,-1.7433423812644824,-1,1220949840
-1.7758289218188628,-1.681970692943936,-1,1223537160
-0.9493303251069336,0.517786603661263,-1,1223544060
-1.419063349751041,-0.7027987105571021,-1,1223585520
0.6580491336694541,-1.5813282607686534,-1,1223585580
-2.03979336220841,-1.6121003355125028,-1,1223589360
-2.0748491787519048,-0.0011611249689845074,-1,1223595000
3.9020334593230985,-2.5611622424929212,-1,1223595780
-2.34748766538897,-1.2728412683167167,-1,1226189820
-2.259527246009316,-1.233519354313051,-1,1226208000
-0.6503271734809554,-1.6123453711775197,-1,1226210640
0.9724463477878074,-0.4752584239751407,-1,1226216580
-1.7234914199022566,-0.8427168444973638,-1,1226217960
-1.1729640143907798,-1.0118448513899543,-1,1226221080
-1.5000783006335265,-1.992686782563094,-1,1226222640
-2.393016739826897,-0.83274074274659,-1,1226234820
-1.8074172511101156,-0.17868595441823965,-1,1226237760
-0.2559562136028882,-0.6238092761480035,-1,1226240400
-1.0850489346938383,-1.9421588838804005,-1,1226240640
-2.5805929594302834,1.2439162416229241,-1,1226241060
-2.2893581652703,-2.3494561553258424,-1,1226243100
-2.253685612184999,-0.4497730526915109,-1,1226243280
-2.051529913960281,-1.444000180199028,-1,1226248080
-1.9499825334320628,-0.6172945419164274,-1,1226265180
2.8932730097197625,-1.4469586821731237,1,1226268420
-0.741969613464031,-2.0040441912993243,-1,1226272200
4.22299791493119,-0.4620687659340341,1,1226274480
3.640572437504791,-1.747696058075963,-1,1228799460
-1.8732175156390096,-0.0668856978133838,-1,1228802100
-2.7595576294151245,25.012847922493595,-1,1228804680
-0.4410747803572951,-0.5495453802656666,-1,1228804860
0.41021214004438644,-0.36611455796276526,-1,1228805100
-1.1001706266689815,-1.3172654376180888,-1,1228807260
-2.273766676331287,-1.1653670829691345,-1,1228807740
-0.654803805333102,-0.25091164519357584,-1,1228808280
-1.3257925347428203,-2.8766175891158032,-1,1228823820
-2.2876919988973063,-2.172512903187766,-1,1228828080
1.9118026852220957,-1.9823887227216448,-1,1228834320
2.0505419862348613,-0.7235772099455261,-1,1228837200
2.9908260354451306,-1.8863399657809319,-1,1228839780
-2.548967543319266,-0.8334060220286823,-1,1228845660
-1.8547134753975503,-0.688310263072723,-1,1228848720
-2.5394213030206383,-0.47346119308603546,-1,1228851360
-0.5580938896777314,1.0690269609182215,-1,1228854480
-0.8406647420514305,-0.1844137986706485,-1,1228857120
-2.0049281764069056,-2.0470496403998624,-1,1228861500
-2.461772849820499,-1.8188924485764548,-1,1228862700
-1.1297093653104882,-0.8706124591120112,-1,1228865280
-1.2674506808552102,-2.5763825865111727,-1,1228866000
-2.3652794422861696,-1.8428974386425365,-1,1221265500
-0.31943505929266414,-3.0520870447965875,-1,1221274620
-1.422606359434011,-1.7231368441336652,-1,1221275640
-1.7323477938729517,-1.74849945798674,-1,1221297540
-0.7477478697204634,-2.9720008565805696,-1,1221303300
-1.2348465383738858,2.4011063037921954,-1,1221306120
-2.590183324905589,0.35534988815800445,1,1221306960
-0.5306246522747959,-2.654844314119783,-1,1221310080
-1.0885035342069649,-2.44702453748356,-1,1221314820
-2.0887846859465107,-0.40900877673152913,-1,1221321840
-0.8081365576513555,-2.690695893322156,-1,1221321840
-1.3488372413801835,-1.184081904609544,1,1221336360
-0.6547087386879981,-4.710262341444119,-1,1221360600
-1.152236931228259,-1.0807740830642616,-1,1221361140
-0.03362529708438557,-0.9520048770721651,-1,1221404520
-1.1317395744093406,-3.3143935495838144,-1,1221407160
-0.6139786499692859,-2.486822012227173,-1,1221410040
-0.30914402656205847,-2.0956155466561843,-1,1221414000
-0.9161244710840417,-1.7360300700747433,-1,1221416820
0.969446561753637,-0.666096025731744,-1,1221416820
-1.17100436285399,-1.1921234277205643,-1,1221419580
-0.03588992083976009,-1.1816413812925495,-1,1221422400
-1.2981403048895022,0.7343510061131633,-1,1221424980
-0.7146370734267308,-1.8286184898589497,-1,1221425100
-2.1557386293147913,-1.9021847518159598,-1,1221427860
3.305256128961075,-1.8794086798474503,-1,1221433200
-0.22300700506542706,0.05108705806913637,-1,1221444240
-1.1766178084562104,-1.3487128968081186,-1,1221472980
-0.8317182233815509,-2.409736053240882,-1,1221478800
0.08706268979141024,-2.7199353057555955,-1,1221481620
-1.4899413144012077,-3.167177309151833,-1,1221495000
-0.7265229736781132,-1.2171550915293365,-1,1221497940
1.9927274157095969,-3.1780162361830384,-1,1221508440
-1.6314166737743874,-0.967600628302759,-1,1221515760
-0.9833479171095012,0.8175948784882293,-1,1221516780
-1.7697105727876425,-1.4948815736321042,-1,1221518700
2.492463772908565,1.8782566606738522,-1,1221519240
1.1093952320654317,-0.3158178476677114,-1,1221521820
2.2998256018970578,-2.0375112153581245,-1,1221550740
2.1519778856091674,-2.6816542914349575,-1,1221551280
-1.597801791667572,-2.195873993819018,-1,1221555000
2.4748408023963853,-2.2413225829179027,-1,1221555120
2.6008907082672295,-2.7281937583561278,-1,1221557820
-1.0723502923636818,-0.9943020857809763,-1,1221584820
-0.2778798430570337,-1.7314548827375968,-1,1221588540
-0.43147452549634857,-2.398066575925424,-1,1221589380
-0.7731877196185228,-1.3707538445495902,-1,1221593640
-1.5086634065951408,-1.7364389018389217,-1,1221594300
0.385533841755481,-3.2079380277790532,-1,1221600060
-1.2426839058231303,0.9315318030001983,-1,1221605100
2.9999207057021513,-1.197571383301674,-1,1221616860
-1.132490759932081,-2.053354204975105,1,1221625380
-0.26781672879870416,-2.7525266398571056,-1,1221635640
-0.940214209146151,-1.331151065233974,-1,1221636480
-1.4180045923342264,-0.1400184054091265,-1,1221688320
-1.640918268823092,-1.1724580969420555,-1,1221699420
-0.45378308976584364,-0.08990918683430996,-1,1221702000
-0.9652238841735049,-2.38209609026686,-1,1221702180
-0.79809458063191,-2.0043989720495015,-1,1221703260
-0.7710406777010828,-2.6038023683718396,-1,1221710280
-1.525657096261665,-2.256086904031284,-1,1221710280
-1.031947730323276,-2.031049554005287,-1,1221716640
-1.0002081697350511,-2.431229915936687,-1,1221717480
0.13909814552394734,-0.43550973055489417,-1,1221725040
-1.529453865333737,-2.481265288923454,-1,1221734880
-1.7760445755836465,-2.4997119779571695,-1,1221745680
-1.168175523100714,-2.0262972362867897,-1,1221758520
-0.2721014240555396,-3.045533256017391,-1,1221761520
-1.8174735900054135,-2.8204691999644265,-1,1221764160
0.24326338312948106,-1.7939841859886585,-1,1221772320
-0.07426780237919249,-2.6606663129238024,-1,1221774960
-1.4293283360867284,-1.0421658744546225,-1,1221778800
-1.011851374933554,-1.448306824243112,-1,1221779100
-1.4435019042144694,-2.6626662085307222,-1,1221781440
-0.3337031102661142,-3.138499275880356,-1,1221784200
-1.9404006025578524,-1.4328876729677458,-1,1221789420
-1.1824802352577202,-1.059740058575905,-1,1221792240
-1.1658865274099939,-1.8033416716572561,-1,1221799320
-1.7749503531173725,-3.017551082984554,-1,1221802380
-0.9317963360214506,-2.919736341392355,-1,1221803820
-1.9004877399136562,-2.0370636250324075,-1,1221804060
-1.9660552972758332,-2.2491731103313612,-1,1221806640
-0.6376304216698839,-2.9932362359401994,-1,1221808440
-0.4013413314879882,-0.6366211566424308,-1,1221808680
-1.8293971872591628,-0.8864085196336885,-1,1221811680
0.10368290755608696,-2.4697327562109015,-1,1221814320
0.619624188372278,0.02478036374186116,-1,1221815520
-1.048083727352838,-3.4717737359880823,-1,1221817620
-0.6238062854481606,-1.1370889175273842,-1,1221821100
-0.39069786283479596,-2.1549874254714596,-1,1221822780
-1.377010257279927,1.1485236237075815,-1,1221825240
0.042446798705360875,0.49387044893215504,-1,1221832740
-0.4998308856048615,-1.334015934413116,-1,1221838260
-1.3411268607808342,-1.1691398938766226,-1,1221842400
-0.26206527489665415,-0.7147492597225646,1,1221843480
0.1923357638486624,-2.7300310157129424,-1,1221846420
-0.4906497272378857,-2.7622534233375236,-1,1221847860
-0.5250993823714912,-1.4577991254394014,-1,1221849180
-0.9460800294811512,-1.927856287143945,-1,1221851880
-1.7044426839693243,-2.1801404850794746,-1,1221852540
2.0668771497849616,-2.4244516741166318,-1,1221854700
0.8224500687690212,-3.0702288558554596,-1,1221854820
-2.321665932405069,-3.5268457943613374,-1,1221855000
4.740822563385376,-8.092906431201763,-1,1221855420
-1.4384371492347792,-1.4016316399344058,1,1221855540
-0.6294952021940191,-2.08875394325732,-1,1221858480
-0.5224190875743403,0.2288185704572169,1,1221858540
-0.7080102068817794,-2.6319847653904738,-1,1221858780
-1.2321753172249459,-2.844050389272959,-1,1221858840
-1.412623597363854,0.0810540756006149,1,1221861540
-0.9506948763096741,-3.902484965439361,-1,1221866760
2.283514025718607,0.4223334066317156,-1,1221867180
-0.5628264360979482,-2.9507791105404473,-1,1221869880
-0.7132183594565255,-0.5671528044569314,-1,1221870780
-0.7715757454083626,-1.412313894311985,-1,1221883080
-0.6993387214133775,-3.5884075228369796,-1,1221883980
-0.3321473169825407,-2.835676143966731,-1,1221884880
0.2607937033171364,-1.7749647985525674,-1,1221888120
-1.2577467052514872,-2.9956884550245153,-1,1221888300
-1.458228408324406,-2.1581134966555173,-1,1221888840
-1.5205208900686285,-1.9529822321165724,-1,1221890880
0.7327350169409717,-1.8150523620566548,-1,1221895260
-1.084374165459562,-1.4301935690888063,-1,1221898440
0.5857404644963484,-2.243794349769614,-1,1221907860
0.6433603244696771,-1.6112848550689038,-1,1221909480
-2.2442713856525005,-1.7969925506579651,-1,1221913200
-1.06872130329462,-3.3017490420653886,-1,1221913560
0.7822579649545766,-1.6966277311869082,-1,1221913620
-0.05761731975255046,0.6736945207504591,-1,1221914160
-0.2072455440727383,-1.8949924855918336,-1,1221915420
-0.7837116025555709,-3.3255320029399815,-1,1221919200
-0.2817317081779542,-2.8809034876446566,-1,1221919560
-1.7913306108911615,-0.7151776649618184,-1,1221921720
-0.6532894313001741,-2.4460114795791728,-1,1221922200
-0.06171789529022101,-2.068674050627118,-1,1221922380
0.45999494387889006,-2.513156329681366,-1,1221922920
0.35495769162565927,-1.8130342619985087,-1,1221923940
-0.31488100315501183,-1.9938400518664363,-1,1221925020
-0.9175306038732017,-1.6235109160656223,-1,1221925560
-1.6040293931617524,-1.9891419644715738,-1,1221928980
1.2530491715844632,-1.3482515296491036,-1,1221929040
-1.9148114581035893,-0.4916548076894893,-1,1221931560
-1.4689114709060846,-3.742138229873119,-1,1221931740
-0.3159840240394342,-0.04333740698157826,-1,1221933780
-0.26058427934345224,-2.586072087899088,-1,1221934860
-1.8333017183579527,-3.9436597026163183,-1,1221936960
-1.1995077157004872,-0.7422577631640335,-1,1221938040
-2.0476261782355794,-1.8906955406205705,-1,1221938460
0.4534056051444783,-3.359052982279217,-1,1221953640
0.4285330692864543,-2.5954242471041202,-1,1221958080
-1.7276497033750264,0.07908345942985283,-1,1221959160
-0.3644061970133523,-2.5423305087532033,-1,1221962820
-1.448815308350344,-1.7097150804642938,-1,1221966240
0.8089263945037309,-2.163169346159809,-1,1221968820
0.179061216255597,-0.504099104022531,-1,1221970620
-1.4399644719063076,-0.029775576820830915,-1,1221972540
-1.2131586246505077,-2.910422277066517,-1,1221982200
-0.7146218335857463,-0.9884735489127091,-1,1221983700
0.19532306956772988,-2.9870089455002597,-1,1221985320
-0.3219455974973611,-1.3538699855926475,-1,1221986940
-2.019402817424144,-1.97985907187375,-1,1221988560
-0.3700401999907302,-3.604309690412069,-1,1221989460
-0.044918750499525054,-3.760515018178866,-1,1221991620
-1.0533027549229144,-2.8079928909626264,-1,1221994140
-1.095426732879865,-1.1059466652064782,-1,1221996780
-0.2711686209489264,-1.9647414332839481,-1,1221998640
0.65719726858645,-1.1316111032895277,-1,1222007400
-0.35977576142690426,-1.750457141361104,-1,1222007460
-0.12605094234343317,-2.2347975252317367,-1,1222007580
0.21618014435503072,-2.8399487453765775,-1,1222010100
1.7584569062488684,-2.431468101671251,-1,1222010760
-0.8250082120962502,-3.916378474177092,-1,1222011240
-0.29926243261764685,-1.005538245035558,-1,1222015380
0.7200224167116097,-2.170187011735998,-1,1222017960
0.7990167885259186,-2.165529847496943,-1,1222018200
-0.22572254630730063,-1.7511762791516738,-1,1222020720
-0.9632624208727836,-2.5930610772002924,-1,1222024740
-0.9696255156731609,-1.5589697921555876,-1,1222029300
1.0431561643519063,-0.677170745969992,-1,1222034040
-1.3409601899282981,-0.7264572042649284,-1,1222034520
-1.6677653672064021,-1.5411463657733075,-1,1222042320
-0.6573528870071653,-2.973676393203641,-1,1222043280
-0.7156707475729347,-3.1445074977452747,-1,1222044420
-1.1440129605840945,-1.9496220435720255,-1,1222047780
0.3033556051334159,-1.6245024093787885,-1,1222055460
1.5427588569094874,-3.144496291468695,-1,1222063500
-1.1691032094308607,-2.241497169344336,-1,1222067520
-1.6577103815510394,-1.336310866379023,-1,1222080180
-0.5832810691290602,1.1260178018187694,-1,1222084200
0.8111528497030326,-1.7163656725512306,-1,1222085460
1.5166233451407165,-2.8050905135704305,-1,1222087500
-1.4272292194203176,-1.7181942207117167,-1,1222088580
-1.753361695147026,-2.041942588976104,-1,1222093440
-1.47553559516651,-2.019894438743864,-1,1222093620
-1.3118881216725724,-2.821562790024029,-1,1222094160
-1.2079266188921929,0.4933711540834833,-1,1222100700
-0.18707986617560285,-2.569986676250309,-1,1222119000
-0.6638317919636274,-2.2101339953964088,-1,1222119060
0.032004206454485734,-2.97067031058277,-1,1222121700
-1.473581756109772,-2.1348740005598126,-1,1222121820
0.7792668439186277,-3.28524420305826,-1,1222124460
0.952706517996359,-2.947247976531823,-1,1222125000
-1.2627531539189962,-2.2425591582843745,-1,1222131420
-0.23230603803543792,-1.3209603079653434,-1,1222152240
1.2489183055538187,-2.2467828832135206,-1,1222152240
-1.9710621657497627,-2.0469450721647684,-1,1222152720
0.14037576650035732,-3.396564335923538,-1,1222156680
-1.6658126033452632,-2.131445038218994,-1,1222157460
-0.6928472428395576,-1.930651069476371,-1,1222162980
-0.1625454701923708,-1.7768273539836716,1,1222168440
-0.8005166524825956,-1.2803017814821387,-1,1222170120
-0.2182626885309443,-2.847329497625542,-1,1222170180
-0.4707301932344402,-3.1063010473386155,-1,1222172940
-0.43877014111183127,-1.1765659735768943,-1,1222173060
-1.10671426502874,-2.1576977605411702,-1,1222173960
-1.8058681565792154,-1.7182387877979564,-1,1222177020
-1.794830367782917,-1.7194185453718271,-1,1222183380
-0.09092805813096583,-2.2206817379482366,-1,1222183980
-0.3121692229687538,-2.5898592381164125,-1,1222185480
0.00040318271483997576,0.5728212186149854,-1,1222193400
0.7071013815049563,-1.5306783157162722,-1,1222194960
1.320673747903903,-2.0372337240857434,-1,1222196160
0.11831949059224577,-2.3561754658684673,-1,1222201080
0.30741241385889406,-1.803487818830635,-1,1222203540
-1.7422529084765521,-2.0558722784770973,-1,1222205160
-0.2049402765488083,-2.8160446387098323,-1,1222208700
-0.5999087339062772,-1.358415747407268,-1,1222222740
-0.3135753608907437,-2.311629800491524,-1,1222224240
-1.2137174282112326,-2.5936788866231972,-1,1222227120
-0.6983458597178857,-2.449699157501064,-1,1222227600
-1.5101036434628876,-2.252097397839677,-1,1222233180
-0.14050311463326406,-2.0377260048147603,-1,1222233720
-1.2646407809295404,-1.3166150814467072,-1,1222236780
-0.8346996697043011,-2.1017738287512224,-1,1222236840
-1.9389283058229418,-2.786656940945459,-1,1222240980
0.3642519857244732,-3.750097584445705,-1,1222251000
1.8430903412604174,-0.1085457142406777,-1,1222253580
0.061559273666761435,-2.361068681947923,-1,1222253940
-0.46916660613579547,-2.938449384105892,-1,1222256820
-1.095325784664745,-2.2446324936738877,-1,1222257840
-0.5304789916704967,-3.1693119341357905,-1,1222259700
-0.6946690425004359,-2.638696336509807,-1,1222261260
-0.0994084302416512,-2.4311400268824026,1,1222268700
-1.5302612527287012,-1.5440553794895153,-1,1222270740
-0.2642093288568018,-3.264383065078021,-1,1222270920
-0.23177233307582354,-1.733417422704109,-1,1222270980
0.9640652722143466,-1.5946390074108316,-1,1222273560
-1.1836741963272635,-1.168121379047557,-1,1222278840
-0.5078579170017581,-2.140698520993872,-1,1222279500
-1.0823748406577591,-3.029555597159374,-1,1222304700
-1.385245898225432,-2.2156769984547084,-1,1222308180
-1.2765839657279097,-2.3029109658951175,-1,1222323660
-1.3301177524932475,-2.2031122306671755,-1,1222326720
-1.8291853356993946,-1.6197236732489448,-1,1222329480
0.8687697038660891,-2.5074936160894032,-1,1222332300
0.6464567683075623,-0.9612417870006538,-1,1222335060
-0.21284352023259673,-0.2951613199686382,-1,1222338180
-0.5470681978830791,-2.9000352944303103,-1,1222340880
-1.1987380569797685,-2.4498650140014933,-1,1222340940
-1.0016537205322027,-1.6170336064227773,-1,1222343700
-0.8482479827614614,-2.9139222935971887,-1,1222350120
-0.7732182910135543,-1.5571823548371126,-1,1222351680
-0.12402491346821609,-3.0233956144606853,-1,1222352880
-0.3979799516352917,-2.4548224198171886,-1,1222355520
-0.624467310292055,-2.93772065012696,-1,1222357200
0.011783844344153449,-1.4768241834937297,-1,1222358100
0.09590519556351502,-0.3923482441141914,-1,1222361040
1.168554065179845,-2.026741708496279,-1,1222363680
-0.5689328965515593,-2.374316986908072,-1,1222363740
-0.5175479100567117,-2.126205816011084,-1,1222372140
-0.9491374180755592,-0.5699525509069409,-1,1222380300
-0.8958647505786178,-1.8105786433114055,-1,1222383840
1.3490476908001852,-1.8048308797443073,-1,1222386480
-0.5294527598957225,-2.8728081601938245,-1,1222388340
3.413660072126926,-2.247205085088683,-1,1222392060
-0.3217928575684509,-2.0967954257128487,-1,1222395960
-2.103013377594498,-1.852053955383465,-1,1222398720
-2.146641089656576,-0.6951269720829181,-1,1222399740
-1.367969252080924,-1.6473833566973897,-1,1222402440
-1.5279447290741188,-2.3554946478814247,-1,1222407120
-1.4951837177521017,-1.8112820415237494,-1,1222427280
-1.241325552454605,-1.5670876654037087,-1,1222436160
-1.6427391191660337,-1.2743313954700337,-1,1222436700
-0.8375464793340003,-1.8785073672923163,-1,1222438800
0.23900804371941511,-1.8624684591243799,-1,1222440660
1.8907876777655497,-3.556834842758043,-1,1222441560
0.09340669861790325,-3.215811707504409,-1,1222443360
-0.39141150662822666,-2.0126474928988585,-1,1222444140
-1.335363452943908,-2.5810308392193972,-1,1222446660
0.48813438570150625,-1.273124213761994,-1,1222451940
-1.252857327545061,-3.3477079151645492,-1,1222455240
0.2906985187695828,-3.9783646099175796,-1,1222457880
1.0209126506040234,-3.2679799925348627,-1,1222458300
0.3903001346885505,-2.478403902602935,-1,1222458900
-0.4904313174814153,-2.868865610521368,-1,1222460580
-2.0121250876939385,-1.2916063627068723,-1,1222461060
0.36687726611546834,-2.3113010099325844,-1,1222474560
-1.5729030663008585,0.1516872991753185,-1,1222474620
-0.1133083281105421,-1.4655422401300044,-1,1222478940
-0.7387306784778821,-2.1828491157305474,-1,1222487580
-1.173249642090787,-4.619468270351187,-1,1222510200
-0.14043115560910882,-2.4209508663776047,-1,1222510380
-0.27971546491130156,-1.6789291084509668,-1,1222513440
0.8107342760227974,-6.5885891015312605,-1,1222515900
-2.002892264606226,-0.7394281308673554,-1,1222516440
-0.32375352317338807,-3.1235144779811357,-1,1222518360
-0.7698859352203539,-1.2010689780220851,-1,1222518480
-1.2695096409608209,-2.6327357592572143,-1,1222518960
-1.6511980640054258,-2.108002368954439,-1,1222521240
-0.3269274591845079,-3.247609195938715,-1,1222521540
0.7505308024798779,-0.81789806499958,-1,1222524060
3.4210423027839,-1.8562832656341217,-1,1222524300
0.057970838114974166,-1.912624544198522,-1,1222526760
1.711794977544318,-1.8698682813678078,-1,1222528140
-1.2686611404818764,-1.6012647780858844,-1,1222529400
-1.858825717246354,-2.0797067321790057,-1,1222531980
-0.44726508526325076,-1.919075716278712,-1,1222536360
0.626196304879507,-3.302018883272507,-1,1222539240
-0.1710811728501764,-2.3141120169406966,-1,1222542960
0.04895369450218742,-2.3941154997103564,-1,1222548360
-1.1579887011416425,0.8941955212972686,-1,1222551900
1.1004632322852936,-3.1527741091281776,-1,1222563060
-1.6183507190790742,-1.8336141086628333,-1,1222564920
-1.3145801164553133,-2.22810497893684,-1,1222574100
0.8812407284084106,-2.033818880783812,1,1222577100
0.09483701560579148,-1.621683857700684,-1,1222579860
-0.952305961672398,-1.7102117587264503,-1,1222582920
-1.609552287913616,-2.5565323408204494,-1,1222587480
0.084703042647182,-3.0751801949622184,-1,1222588320
-0.7153038326658031,-2.7697081129696177,-1,1222591200
-1.885288315510416,-1.6198166615897802,-1,1222591260
-1.0293591829092879,-2.425538457566141,1,1222595400
-1.6906945938762061,-2.1664658406487503,-1,1222621500
-0.2462718717382135,-1.716560993090268,-1,1222621560
2.4381054336836563,-2.738613220017359,-1,1222624140
-0.1144392092911003,-3.0604267462385675,-1,1222624500
-0.3266602771810238,-2.9063362174046357,-1,1222626840
-0.928599120433664,-3.8466258551818986,-1,1222627380
-0.7360155057262756,-2.393639587659339,-1,1222629480
-1.3971427418466442,-1.3680852537503125,-1,1222630140
-1.0659656312755001,-1.5255944018326504,-1,1222632120
-2.0541215063749574,-2.0768891511486016,-1,1222634520
-0.521176778892183,-2.039482124703564,-1,1222636080
-0.29190608500928,-2.109130474029426,-1,1222637220
-1.110697253059259,-2.227860833453428,-1,1222641840
1.5585482692718977,-2.4708821590143257,-1,1222646040
0.06650594663030436,-3.4024481129106343,-1,1222653960
-0.16394183119638048,-0.4673106860253922,-1,1222657620
-0.7532050068601683,-1.7022083364716016,-1,1222660200
-1.1144549642129349,-1.3096373257821685,-1,1222661880
1.552687794968313,-2.6019686200842407,-1,1222663620
0.3631854957874035,-2.7678218044775296,-1,1222666320
-1.3136661642610576,-3.355387631968094,-1,1222674780
1.4779323069614079,-3.1857039067038384,-1,1222679700
2.214111832210383,-2.9789214088738976,-1,1222686780
-0.8270784463727089,-4.145364608645356,-1,1222689180
-0.6675796968334269,-3.5218142631683733,-1,1222691100
-0.8530917984497449,0.3254527158391445,-1,1222696980
-0.3571811849680242,-3.246086815815163,-1,1222697040
-0.7667932128458904,-3.477670289975834,-1,1222697280
-2.163192661751054,-3.424519055165696,-1,1222700940
-0.523982526385941,-4.773332452281935,-1,1222701360
-1.7169985202611961,-4.980429295154857,-1,1222705620
0.00951475238512929,-4.824350256390931,-1,1222708860
-0.4765179044848038,-3.639952991836526,-1,1222723560
-0.048450694990345995,-0.9368180180651989,1,1222724880
-0.322303975129438,-2.3177809016911235,-1,1222726380
3.0193445546796465,-3.4563661737494833,-1,1222738380
1.2616263295320223,-0.7939761679944746,-1,1222738560
-0.6805467433768987,-2.6762469780962252,1,1222742640
0.7707258501674975,-1.1460322896090702,-1,1222747260
1.7408995605236088,-3.7661455186877064,-1,1222749720
-0.7398601598351758,-2.718981799612845,-1,1222764240
-0.401720322970922,-2.985799997787205,-1,1222777860
1.1061036598850513,-3.3236080636347656,-1,1222781340
-1.1133830819567343,-3.555058221682166,-1,1222784400
-0.08916876748395793,-1.3248363880939658,-1,1222785360
-0.32373308177318694,-2.852595999718891,-1,1222787760
-1.3319236125219887,-2.837863326268591,-1,1222788360
0.8090360504169265,-3.433095711809652,-1,1222791180
-0.42993734054015603,-2.4718341822056584,-1,1222793400
-0.7682515170381801,-0.9653918340272201,-1,1222795620
-0.2860324739147376,-2.8259807168991995,-1,1222802220
-0.06213651413312321,-2.9551242406282183,-1,1222802220
0.5157166834143332,-3.193404717774492,-1,1222810740
0.5438073018674513,-3.259664360176825,-1,1222810920
0.3016733609533516,-2.899931878792141,-1,1222817640
2.3203113248105622,-1.5075431851690977,-1,1222819080
-2.3445286183233827,-1.722618547830709,-1,1199924400
0.746163824768628,-3.9240907697967713,-1,1199927460
0.1816129656860706,-3.2684560452560314,-1,1199933580
0.19713313881314926,-1.6092054197138657,1,1199944560
-0.9709742054955612,-0.31422759249367155,-1,1199949540
-1.0966824953794765,-1.3506224344852416,-1,1199950080
2.2460740394117837,-1.6874393751904797,-1,1199952900
-0.46369340242019513,-0.10918895034694841,-1,1199956500
-0.6531472060472197,-0.8921522545972084,-1,1199956560
1.2263523267140413,-2.075917616692541,-1,1199974920
0.6319461558013182,-0.8958662148498837,-1,1199978160
-0.507744714791511,-2.7920992756094067,-1,1199983380
-1.4705648637625643,-1.1266691178160917,-1,1199995020
-0.6703814312270462,-2.036931355864558,-1,1199999700
1.062873469226175,-1.8954905272996714,-1,1200001800
4.268264257345868,-0.6828407414108034,-1,1200005220
-0.5961326454853181,-1.592987896420522,-1,1200008040
2.799448489635134,-2.6220946307756057,-1,1202602860
-0.6767462551341386,-1.0693861043284285,-1,1202602920
-0.28633353633882985,-0.46798133151934435,1,1202613420
2.4573290124800846,-1.1503367990925015,-1,1202614020
0.7926373070189643,-2.645034392794356,-1,1202616660
4.378112794032243,-4.395889732850461,-1,1202617380
0.3484998072749243,-3.7086823981807613,-1,1202617440
-0.04344370498987684,-1.803269067616718,-1,1202626140
1.3352177239458607,-1.5110728394213704,-1,1202628900
0.43933332678882475,-1.1544538745823019,-1,1202630280
0.1984739088761377,-3.0089252616462154,-1,1202631840
0.688203947968069,-1.3477104405559976,-1,1202633520
-0.6392054162037143,-1.8033353675913908,-1,1202633820
-1.456622785369234,-2.306928781889416,1,1202634600
1.6138116062297905,-1.2941914497657876,-1,1202636520
0.303618307408865,-1.4018554163703532,-1,1202637780
-0.8603478185623359,-2.7907908486562776,1,1202652420
0.6585199625359491,-2.1265721434965332,1,1202652600
-0.9696299283498767,-1.15820392790642,-1,1202655240
-0.38986809948959145,-1.1287116916417848,-1,1202656200
1.7751494058797637,-4.576871378456614,-1,1202658240
1.0795354814009406,-3.7535609177767055,-1,1202659080
-0.48544893220561725,-3.581882018170513,-1,1202661120
0.5602476256667831,-2.3773627328450346,-1,1202662680
1.7157302215292278,-3.8929554519973775,-1,1202662800
0.46213789643145686,-2.809927691348375,-1,1202663940
-0.43437473377191055,-2.460133318604828,-1,1202671260
1.2731254494807536,-2.690116739685606,-1,1202671500
-0.8359464875477834,-0.9139110666148729,-1,1202676840
1.6448990779411923,-0.9373485886370373,1,1202679120
0.9930150604124343,-2.4284631490913418,-1,1202679180
-0.7820409888400726,-2.5356618489359364,-1,1202682180
1.7589792977009224,-3.279238369214159,-1,1202682780
-1.098114431694143,-2.033713233365466,-1,1202686320
-1.7897567126836669,-1.6454290906612146,-1,1202686320
-0.5653845011668596,-2.824257290533636,-1,1205108640
0.6297971791030637,-2.4470217585115077,-1,1205110500
-0.14400755127506934,-3.048559676105366,-1,1205116860
-0.14679967096796756,-2.4667937392167496,-1,1205121120
-1.6768220545524584,-1.1535425044202385,-1,1205121360
0.00990219079943032,-2.2008998148031993,-1,1205124540
1.055351593597824,-2.3688731260964353,-1,1205125260
0.8165932729084214,-1.503388970407708,-1,1205127900
0.9017126981779922,-2.512864216348521,-1,1205129700
-0.7902361386011842,-3.168590053994785,-1,1205138100
-0.8405093482480902,-1.818987159446058,-1,1205141400
-0.31982344759848624,-1.9573880721014891,-1,1205149200
0.8223785597008408,-1.4345590124149092,-1,1205152260
-1.9756638786550929,-0.8956949606105374,-1,1205174700
0.19522426194762715,-2.3256057825426764,-1,1205176980
-0.04516277853079897,-2.1124416502664918,-1,1205176980
0.1241924703413314,-1.7060498040802294,-1,1205179860
0.029717153059451776,-1.476552326521917,-1,1205180760
-0.1853455221709688,-2.449662569806487,-1,1205181300
3.8964772528132814,-3.542790397112873,-1,1205181960
-0.1237143997392578,-1.351305033918658,-1,1205183700
0.7352008474343166,-2.078474142607209,-1,1205185920
-0.4390037942618436,-1.6801455297390757,-1,1205186880
1.1759635796938293,-3.1718716963358977,-1,1205189580
1.3981660579646171,-2.502463331132722,-1,1205192760
-0.306462521243543,-2.40130982983989,-1,1207789080
-1.2461857200048851,-1.0683050918928352,-1,1207792140
-2.371197589374258,-0.8744652876549293,-1,1207794960
-1.576804098836152,-1.7235342207705489,-1,1207799580
2.1296940945562506,-1.9874945950614713,-1,1207800720
-1.973301691013542,-1.8560235166560695,-1,1207802700
-0.8725548282120256,-2.7239850746969396,-1,1207819740
1.2104558956409222,-3.2116388831428906,-1,1207840560
1.3239550078386997,-2.2906907361571713,-1,1207846680
2.3719027571447016,-1.4580452729374038,-1,1207851300
0.32031423572680245,-3.044978563066122,-1,1207851900
-0.8554026981003697,-1.1595644819225255,-1,1207853940
-1.2241003928572538,-0.6069045429482292,-1,1207854720
1.4702312048062904,-3.35940014723011,-1,1207856820
0.9777653767304363,-2.442298799726999,-1,1207857240
-0.004082056119375489,-2.5152179604933775,-1,1207859940
0.6583648327840069,-2.4416105940894415,-1,1207865160
2.1898778219015935,-2.467889736879755,1,1207869480
3.0188840394326135,-2.407113674048759,1,1210379580
0.4139806016412727,-2.5325605096167267,-1,1210379580
0.46516101122903386,-1.3239458364468013,-1,1210383300
-1.6280682946735583,-1.8909938010025897,-1,1210392060
1.24417519081325,-1.9716573473263745,-1,1210393200
-0.3989612582150226,-3.2110739436480777,-1,1210394880
1.2613626238360318,-1.2781655683524327,-1,1210397460
-0.9783104745053648,-3.1308178893226946,-1,1210398780
0.20270149369836366,-3.257650694642268,-1,1210400100
0.7712404740248423,-2.377640691246381,-1,1210406520
1.5727411580107653,-2.18917044288923,-1,1210408800
-1.6934001251496957,-4.1068546561798085,-1,1210410240
1.4056342995054212,-1.823927890257258,-1,1210412820
-0.578001827330792,-1.5846178031516698,-1,1210413600
0.9480233198839187,-3.365336764636989,-1,1210416180
-0.9595196460892891,-2.5585131301639996,-1,1210417500
-0.8717545889033791,-1.1354433455354613,-1,1210419000
0.4938889742814474,-3.095122533719741,-1,1210420980
0.5947832806232016,-2.6193411954616,-1,1210421820
-1.118527935190571,-2.655647015762517,-1,1210427340
-0.9462167002802971,-1.9192087247871354,-1,1210430040
-1.7760380950962265,0.2610766242461623,1,1210433400
0.9600710688634638,-2.570860253375528,1,1210433700
1.1460296919883932,-1.4898431789521194,-1,1210436100
0.08573020095063633,-0.4173868893816633,1,1210437420
-1.2095985290505467,-1.4294645328625746,1,1210438140
1.0902981907003393,-1.6263439572522007,1,1210445160
-0.6949464959756878,-2.9114988447473653,-1,1210445940
-1.1369716227737519,-1.4542307494983613,-1,1210448700
1.0762205132901697,-2.516885177957083,-1,1210450320
-1.227003729070021,-1.348132475593315,-1,1210451400
-0.5627067020801456,-1.0395854855393927,-1,1210457580
-0.6986359422635574,-1.8806711988144018,-1,1213058460
-1.8843205001438537,-1.009159631415218,-1,1213061100
-0.4377806010899619,-2.53167030292032,-1,1213061220
-0.5737871960169325,-1.9094699295279765,-1,1213061400
0.7569842886209585,-3.3992821076922453,-1,1213065840
1.1656348464630994,-1.3434130699955171,-1,1213066140
0.6030113284192515,-3.3325597674591227,-1,1213068660
0.08910366001753492,-2.258277962497357,1,1213069800
-0.13429494914108753,-1.986823798947098,1,1213070220
-1.0545839489501763,-4.280364724327602,-1,1213071960
0.25755516768457065,-2.3241373955155287,-1,1213075260
2.0071273000570002,-2.339402836581333,-1,1213075440
-0.8466036841432893,-2.6868489259246746,-1,1213078260
-0.8618484200578779,-1.2252362061193895,-1,1213079160
-0.8440412481765383,-1.955738611255034,-1,1213080540
-0.9398291281307054,-0.3603112278844264,-1,1213081920
-0.6161753915985378,-2.437341560496687,-1,1213082220
-1.6366394151907404,-2.157321857284258,-1,1213083300
0.522766713449817,-2.0813285047285133,-1,1213083480
0.7886332410088154,-3.446191799505851,-1,1213086240
-0.7724457155279661,-1.0414227540960828,-1,1213088220
-0.21548201208229362,-3.472724909874799,-1,1213089060
-1.0690086526331082,-0.33224244878790316,-1,1213091820
0.05274675134921936,-2.3567223309426124,-1,1213092420
1.2702173619324333,-2.051903787012772,-1,1213098660
0.6577094999909625,-1.5977382951272276,-1,1213101540
0.9825484574610697,-1.5794844369843635,-1,1213101720
-0.43494049902159065,-0.32893539335030597,-1,1213103280
1.2066834967860516,-2.5426187610451154,1,1213105080
0.20479750384323867,-2.141521372936454,1,1213106100
2.4321332471609334,-0.09949310800915716,1,1213110000
-0.7070373343403581,-1.1251840379557283,-1,1213110060
-1.2605969792550933,-2.43768069538756,-1,1213113120
-1.360707741695211,-2.2970837253886924,-1,1213116120
1.2316748968329507,-2.2653205278658572,-1,1213116600
-0.4685461099262444,-2.118617913659548,-1,1213118760
-1.1084810799630258,-1.9059755742412066,-1,1213118760
-1.3440117660981037,-2.9276506338016306,-1,1213119300
-1.3248713043427516,-3.0862554332484917,-1,1213124040
1.5338748924222083,-1.9830178184894607,-1,1213124100
-1.214868620187933,-1.5006993818287142,-1,1213126920
-1.6594270318854185,-2.406616054504862,-1,1213128120
-0.07210703780569407,-2.0629713952194955,-1,1213130160
-0.3104719538274451,-2.9720393884857867,-1,1213130820
0.7599146017909414,-0.8038380948151449,-1,1213134360
0.12160156516850497,-3.4371769451035363,-1,1213134480
-0.4369794404612595,-2.900984074168047,-1,1213137420
-1.0665918040350355,-1.1161318291118338,-1,1213138980
2.187696858990008,-3.5114289355930337,-1,1215654360
0.10580723307250442,-0.6230945546280486,-1,1215660540
-0.536911274090007,-0.9932087319806452,-1,1215661140
-0.6755974949301551,-3.2182860684319046,-1,1215675120
0.43187788897088253,1.0690718812253144,-1,1215675660
-0.7180211484523298,-2.1532021397576173,-1,1215678300
0.09675758914111186,-3.2696828360527252,-1,1215678360
1.0752981205110985,-1.8468676275150193,-1,1215681060
-0.37731222318066165,-3.2062118428180826,-1,1215681600
-0.8325726278180233,-2.3126326866905766,-1,1215683940
-1.196701373483612,-1.3187430221886338,-1,1215684240
-1.0126898753818971,-3.086292228643017,-1,1215684600
-0.9136546776286992,-1.7935407474481242,-1,1215687060
1.5369994680551773,-0.5962892012352604,-1,1215688500
26.92407830245754,-1.115413685915692,-1,1215688560
-0.2567542136465397,-2.089784771374617,-1,1215689760
-1.6508086651841591,-2.342206381054465,-1,1215693600
0.12659276659339297,-0.8949571740848902,1,1215695400
0.2276163141032287,-2.6228350221299364,-1,1215697680
-0.98116496326844,-1.7254742081635508,-1,1215700500
-0.5778631523040958,-2.3534571153199595,-1,1215707520
0.30466210965710655,-3.037410254163071,-1,1215709560
-1.315297089821185,-1.0236182514770302,-1,1215710880
-1.6246524184828781,-2.6570148799599846,-1,1215715140
-0.7275427117932135,-1.7445342419305894,-1,1215717840
-0.6862610723093306,-2.571149161065386,-1,1215721140
1.5506261050412349,-0.992413526975007,-1,1215722340
-0.5833784593429386,-1.7627286739849644,-1,1215722880
-0.8201985441267605,-1.9011265321723567,-1,1218343620
-0.4971321986877316,-1.5258565975792364,-1,1218346500
-0.8549511162744734,-1.844994285750518,-1,1218346680
-0.9970280972769134,-2.2021638826462118,-1,1218349500
0.8765551916848737,-2.579325345346503,-1,1218352200
0.9766632658556949,-0.9406330003948338,-1,1218352380
0.6964149021695384,-1.139544252044883,-1,1218352560
0.9291110584573499,-0.030136050912201826,-1,1218358860
-0.634145842058767,-2.2636394757372877,-1,1218359160
0.6697295207253279,-0.17813870853592143,-1,1218364620
-0.36814570476642194,-2.749983817578998,-1,1218370260
1.981975668398904,-3.3001007629406613,-1,1218375300
0.5343837233570311,-2.3926757843207134,-1,1218375480
-0.2933658789497791,-2.362949292976684,-1,1218379680
1.2688616295889152,-2.957596989945834,-1,1218382620
0.11957965731692766,-2.5596004429950296,-1,1218385560
11.951709205112167,-1.905099068728762,-1,1218388440
-0.6001937137334491,-3.413484119162314,-1,1218389460
0.8112783357168742,-1.620065542878357,-1,1218390060
-0.0358720509302711,1.366573015695074,-1,1218392520
0.47825020734156354,-2.5755933932593447,-1,1218400020
0.08940008645488794,-0.35459000332134566,-1,1218403140
-0.33885352693341647,-2.1530046134425276,-1,1218404700
0.08457945673203227,-1.8013812508086144,-1,1218406080
2.7302179058339706,-1.167287513775433,-1,1218409980
-1.3240387890074756,-2.7466223273788293,-1,1218412200
-0.3478262508279184,-2.0986227857219886,-1,1221006180
1.4107602403871005,1.5450171217874171,1,1221021240
-0.05931602720031827,-2.2799045497559347,-1,1221026760
1.813836165618988,-1.5296398614397964,-1,1221032280
-1.1915282940379601,-2.363246581971139,-1,1221056100
1.024529894521398,-1.7406859412182123,-1,1221059040
2.1320971643701556,-1.8471168347730238,1,1221062100
1.5368151261558958,-1.1345547351088046,-1,1221062160
1.640696567223947,-2.609402713007862,-1,1223633100
-0.8772402547900789,-2.7185026042026297,-1,1223635560
0.6472775498048052,-2.866618859804886,-1,1223635980
-1.4276384055243652,-3.1820501657632807,-1,1223641800
-0.36758333748734,-2.6306910368995866,-1,1223652780
1.0039330962845576,-3.0060740797046197,-1,1223653800
0.691007163488364,-0.7124222753084023,-1,1223668920
1.5989782378823634,-1.3486745095856096,-1,1223672580
0.6417332437604328,-1.2649333537236644,-1,1223672820
2.1920068301643836,-1.4249886056703134,-1,1223673360
1.6776602181356988,-0.5310696471490511,-1,1226285700
1.4957556240164358,-3.232748173797897,-1,1226300160
1.4046672954691557,-0.37940653732390417,-1,1226302680
104.04631066415517,-4.293313876028163,-1,1226302740
-0.9539018285901618,-2.0319090247078773,-1,1226302920
-1.465104008718564,-2.3541437295333454,-1,1226305620
1.2381617004446703,-3.232064365420169,-1,1226328180
-0.9987752386199039,-0.45481996677179926,-1,1226331180
-1.6339083019233942,-0.022124712678790646,-1,1226334300
-0.9192159922227546,-0.9978222290940114,-1,1226358960
-1.6680663781401637,-0.32700933171603486,-1,1226361480
0.897177956801427,-1.399217892758889,-1,1228870620
-1.4119267418613963,-3.6484664418505144,-1,1228873800
0.8961477995982997,-1.1691621044749267,-1,1228877940
3.3897074476879996,-4.0242257565900985,-1,1228879260
0.4269212021115991,-3.607023396263034,-1,1228879680
0.20428603217897282,-0.9435698205469697,-1,1228897140
0.10840129262273508,-2.724120003891665,-1,1228934820
-2.4800520062906815,-2.233428722645312,-1,1223868840
-0.1967772906235881,-3.365523882615714,-1,1223869980
-1.4710127955928165,-2.146628836071557,-1,1223897220
0.058830081357771895,-2.4422773304910423,-1,1223900280
1.0460712949695665,-2.8094499191280304,-1,1223906760
0.15305452845875772,-3.695528943454273,-1,1223908140
0.5343746721458544,-2.259931360930398,-1,1223908200
-1.4103210469437457,-2.641900700118041,-1,1223909700
1.005613035420048,-2.725471971972452,-1,1223912520
1.0914494681012883,-4.114810115962026,-1,1223912520
-1.1227663473545604,-1.5864703627910144,-1,1223914380
-0.0075354889469770175,-2.8736327541763838,-1,1223925420
0.42692627140596806,-2.822768309080435,-1,1223926560
1.468917460830165,-4.226023369339824,-1,1223926800
-1.4429917694281036,-2.960076396371301,-1,1223928600
1.9707995741834299,-1.6317463804982482,-1,1223929800
17.22931838723628,-1.1984037224419446,-1,1223931180
1.0026991679998207,-1.3188598288576632,-1,1223932800
-1.0423362122539315,-4.866339109864735,-1,1223934420
-0.5807175998646301,-3.332206811276524,-1,1223935020
-1.7948137081782394,-1.5776373169105729,-1,1223938080
-0.9810235662686497,-2.8909079691934836,-1,1223938440
0.593828712669249,-1.170410758506703,-1,1223944500
-0.021297174256223905,-2.5796680995340022,-1,1223954460
-0.806636055604845,-0.42991023729023675,-1,1223954880
0.25817638176054075,-3.831218509516954,-1,1223955300
2.3901167602787607,-3.428228734328816,-1,1223989980
1.7473232984109086,-3.79260115459068,-1,1223990160
-0.03455599628155983,-4.7081310278448765,-1,1223993220
-0.45576221571923,-2.0744112439608937,-1,1223993700
-1.7940392709224358,1.2386112442243224,-1,1223995380
-1.0610076692321613,-1.0561926844853684,-1,1224005760
-0.7498013364986603,-1.7822170831339785,-1,1224011700
1.9722014803276178,-4.09922539332729,-1,1224014460
1.1095178067991849,-3.2151057151274847,-1,1224016200
-0.8148934555979978,-3.0154289642502263,-1,1224017280
0.3838678902984406,-2.7467185603553146,-1,1224020160
0.456911406835857,-0.7602164642429426,-1,1224025620
0.11069880881409083,-3.948030062644137,-1,1224028980
0.10009652307623122,-2.773173099445529,-1,1224030420
-1.158267149952155,-3.704093163732199,-1,1224031620
-0.07499534210288415,-1.96271719802832,-1,1224035520
-0.00938412270245826,-2.3622180876516934,-1,1224035520
0.14265986989831386,-2.9596711500383828,-1,1224035520
-0.7393708128795945,-3.292433805869471,-1,1224038400
0.09696525082603812,-3.74519510173806,-1,1224038400
-1.6259057751902728,-0.49790254189989497,1,1224038520
2.015376964757777,0.611248593351091,-1,1224041040
0.04189790543641808,-2.4161675970789607,-1,1224043680
1.217313871513877,-2.770825646502662,-1,1224047580
0.555590939183922,0.7344380340720728,-1,1224047760
0.2592709017567687,-2.5373850764918444,-1,1224053340
-0.43599420344611195,-1.5325115295152998,-1,1224056160
0.087892491727196,-2.6999001085969283,-1,1224057300
0.4161152425977127,-3.372002576406499,-1,1224058860
-1.0451090581397193,-3.2644909129808286,-1,1224061860
1.5418816136621376,-1.6799391353581667,-1,1224064800
2.3140037542575134,-2.1478968788270016,-1,1224075180
1.0190479641764976,-2.150693476663313,-1,1224076440
-1.536360796820034,-2.8369059563509493,-1,1224076560
0.10232160820707259,-2.797918546771398,-1,1224079680
-1.8109158917543506,-2.310508282380583,-1,1224083460
0.37026054327111585,-2.1300220903985894,-1,1224087840
0.1990022420924792,-2.929411582401744,-1,1224091140
-0.74750943088934,-1.236882665008524,-1,1224094560
0.12437776502587952,-3.002060366520985,-1,1224098100
2.603690314308294,-2.7094486652268244,-1,1224098640
-0.4395823672694538,-2.7299620194156127,-1,1224107040
-0.3100423834560041,-3.4503872462479124,-1,1224110700
-2.5834535078889513,-0.7495948477391218,-1,1224111240
-2.212372246169683,-0.419798609041371,-1,1224111600
-2.1558206546581467,-1.6231994268647516,-1,1224114300
1.5850070168713961,-0.9076748934956499,-1,1224123360
-1.76815027900181,-1.4079318141710528,-1,1224123360
1.9690607106963254,-2.637821384093714,-1,1224123420
1.9509519522211196,-0.15176143706542228,-1,1224123720
-0.079113352205779,-3.940154375896164,-1,1224125700
-0.8299374414729828,-3.638918288281028,-1,1224129360
-0.6433003205949793,-1.3959726522756448,-1,1224129720
1.8041931103534983,-1.053310991218427,-1,1224129720
-1.9922292702325275,0.012043933254628667,-1,1224129840
1.0650690808568024,-1.4213590304088177,-1,1224132420
-0.36831882798948534,-3.0748344446541944,-1,1224132600
0.9213088695404292,-3.3784613609630814,-1,1224132840
0.8952583651643887,-1.220869973110192,-1,1224133680
-0.4390301593066573,-1.0790334737598848,-1,1224133980
1.230126623821489,-3.3973079768329266,-1,1224135840
-1.461891888207122,-1.2303223162520918,-1,1224136680
2.263238971120542,-2.193500852707962,-1,1224169320
-1.1548270370038067,-3.7291919003423963,-1,1224169980
-0.44234959969396564,0.596747777835573,-1,1224190140
-1.1272932420111437,-1.5442573909282364,-1,1224221160
-1.1498892531016187,-3.178506795137532,-1,1224223260
1.9999220841878733,-2.903500406625732,-1,1224223620
